Gene_Symbol,Sample_Control_1,Sample_Control_2,Sample_Control_3,Sample_Control_4,Sample_Treatment_1,Sample_Treatment_2,Sample_Treatment_3,Sample_Treatment_4
TP53,12.05,49.68,21.92,17.85,6.86,5.94,5.58,35.98
BRCA1,22.56,23.82,5.83,57.4,27.96,8.53,8.13,12.97
BRCA2,10.06,16.76,13.41,7.83,21.48,8.76,11.76,10.03
EGFR,16.94,25.27,9.51,20.21,16.48,4.58,19.23,6.8
MYC,2.91,49.74,53.43,30.73,8.61,9.64,20.72,13.06
VEGFA,8.58,12.79,5.98,43.62,6.28,21.66,11.12,17.58
PTEN,14.39,5.42,58.44,27.98,47.58,39.48,17.31,43.71
AKT1,6.98,6.84,9.43,11.85,10.0,11.06,29.52,13.19
MTOR,12.26,15.09,9.21,30.13,7.81,73.81,26.7,6.82
GAPDH,3.3,28.72,23.25,25.27,27.68,7.81,11.68,9.75
ACTB,34.3,25.08,12.28,4.27,8.45,11.86,24.17,21.65
IL6,38.68,14.44,5.22,20.71,25.56,19.07,27.54,12.72
TNF,16.44,14.14,3.62,7.02,5.6,17.89,11.38,16.78
STAT3,42.89,11.41,10.17,24.26,9.93,7.23,11.16,15.34
MAPK1,45.97,32.03,21.96,37.08,28.79,9.62,36.92,16.15
CCND1,28.74,39.13,15.37,3.01,10.25,10.13,29.61,36.75
